,Visit_ID,Social Life,BP,Age,Sex,Chol,Trig,HDL,LDL,VLDL,"Fiamly 
1)father
2) mather 
3)uncle(mother's side)
4)uncle(father's side) ",HbA1c,BMI,RBS,FBS
1,24002367,city ,120/80,51,FEMALE,174,92,35,125,18,0,4.9,34.3,94,
2,24002365,city ,110/75,42,MALE,153,72,34,105,14,0,5.1,28.2,105,
3,24002356,city ,120/80,34,FEMALE,144,99,36,108,19,4-Feb,5,23.03,,97
4,24002401,city ,120/90,53,MALE,159,297,27,99,59,1/2/2003,6.7,20.8,145.5,
5,24002401,city ,110/75,37,MALE,262,234,30,192,47,0,5.2,29.7,93,
6,24002355,city ,115/55,26,MALE,122,91,29,83,18,4-Jan,4.8,25.7,91,
7,24002337,village,76/52,64,FEMALE,104,164,34,41,33,0,9.8,34.6,234.5,
8,24002322,city ,130/80,24,MALE,145,104,26,99,21,0,4.7,30.4,99,
9,24002254,village,130/70,58,FEMALE,165,123,44,92,25,0,5.4,35.3,98,
10,24001707,city ,150/70,72,FEMALE,153,110,35,98,47,0,5.9,28.2,122.6,
11,24002223,city ,125/8,40,MALE,210,131,29,152,26,1,5.4,30.7,108,
12,24002204,city ,125/85,48,MALE,168,91,40,103,18,2,5.2,30.9,102.5,
13,24002167,village,120/85,49,FEMALE,178,123,34,119,25,0,5.2,35.4,105,
14,24002106,village,105/70,41,MALE,138,53,49,79,11,0,5.4,35.4,97,
15,24002071,city ,110/80,35,FEMALE,235,155,49,162,31,0,5.2,34.2,94,
16,24002403,city ,120/80,37,MALE,195,173,35,128,35,0,5.3,30.4,93,
17,24002063,city ,125/8,40,MALE,215,180,41,147,36,0,5.6,41.3,94,
18,24002008,city ,115/75,48,FEMALE,189,112,57,111,22,0,5.3,28.3,100,
19,24002009,city ,105/65,39,FEMALE,135,66,68,78,13,0,5.5,27.4,98,
20,24002013,city ,125/80,58,MALE,214,175,50,147,35,0,6.1,30.8,120,
21,24001999,city ,125/90,65,FEMALE,185,99,54,111,20,2,7.9,30.9,175,
22,24001666,city ,110/80,41,FEMALE,170,60,56,94,12,2,5.3,31,,98
23,24002407,city ,125/80,41,MALE,138,112,19,99,22,3,9.2,32.5,217.5,
24,24001888,village,165/85,78,FEMALE,166,158,48,92,32,0,5.9,32.7,101,
25,24001855,city ,130/80,26,MALE,197,185,27,134,37,0,6.1,32.5,129,
26,24001715,village,120/80,36,FEMALE,155,34,71,67,7,0,5.3,20.3,,83
27,24001715,city ,135/80,58,MALE,189,148,40,125,30,0,5.5,23.1,88,
28,24001715,city ,120/80,40,FEMALE,205,57,65,122,11,0,5,24.2,85,
29,24001922,city ,115/70,48,MALE,226,86,48,160,17,0,6,32.8,95,
30,24001624,city ,125/65,60,FEMALE,152,71,64,70,14,1,5.9,27.5,99,
31,24000725,village,140/80,33,MALE,175,188,29,114,38,3,5.2,42.2,96,
32,24000752,city ,150/75,79,FEMALE,125,170,28,72,34,0,6.4,34.1,126,
33,24000899,city ,95/75,52,MALE,141,108,38,84,22,1,5.4,32.6,101,
34,24000926,village,145/70,19,MALE,150,55,52,82,11,2,5.2,31.4,109,
35,24000900,city ,145/80,76,FEMALE,150,111,42,81,22,0,5.7,37.4,103,
36,24001077,village,115/81,57,MALE,139,57,40,72,11,3,5.2,35.3,101,
37,24001079,city ,120/80,26,MALE,170,101,31,112,20,0,4.5,25.2,90,
38,24001078,city ,125/75,48,FEMALE,231,254,38,136,51,1,5,25.7,103,
39,24001035,city ,120/70,68,FEMALE,201,245,45,131,49,2,9.8,25.46,234.5,
40,24001076,village,110/70,59,MALE,172,114,37,102,23,0,5.4,26.4,91,
41,24001213,city ,120/80,44,MALE,119,46,51,65,9,3,5.7,29.4,102,
42,24001213,city ,120/70,52,FEMALE,197,198,40,126,40,0,5.6,25.8,99,
43,24001168,city ,140/85,52,MALE,209,125,31,139,25,2,5.7,28.3,91,
44,24001194,city ,110/65,42,MALE,179,244,28,95,49,1,5.2,29.8,108,
45,24001116,city ,100/65,61,MALE,178,191,30,107,38,1,5.4,27.3,91,
46,24001131,city ,120/70,60,MALE,130,187,33,67,37,0,5.6,35.7,114,
47,24001125,city ,110/75,46,MALE,172,58,47,112,12,2,5.3,24.8,96,
48,24001151,village,125/80,18,MALE,189,92,30,128,18,2,5.3,35.2,98,
49,24001176,city ,120/80,7,FEMALE,133,95,30,130,25,3,9.1,28.3,214.4,
50,24001203,city ,140/80,49,FEMALE,249,278,47,172,56,1,7.3,31.6,170,
51,24001321,village,120/70,42,MALE,180,62,42,117,12,0,5.4,28.7,115,
52,24001353,city ,125/85,42,FEMALE,178,209,32,121,42,2,4.8,30.3,91,
53,24001345,village,110/80,34,FEMALE,164,47,58,90,9,1,4.8,26.4,87,
54,24001357,city ,125/80,78,FEMALE,200,84,48,127,17,0,5.1,28.6,85,
55,24001404,village,140/80,68,FEMALE,173,78,55,101,16,0,5.9,35.5,121,
56,24001401,city ,110/70,69,FEMALE,185,111,44,118,22,1,5.3,28.2,130,
57,24001474,city ,150/105,37,MALE,280,200,41,184,40,2,5.3,28.7,102,
58,24001472,city ,130/90,57,MALE,142,194,32,73,23,2,4.9,37.7,90,
59,24001471,city ,100/70,52,FEMALE,135,115,51,58,23,0,5.2,28.6,101,
60,24001473,city ,120/80,20,MALE,121,67,46,48,58,2,5.1,27.1,85,
61,24001547,city ,100/70,40,MALE,274,216,32,177,43,2,5,29.7,97,
62,24001561,village,140/90,75,FEMALE,272,201,30,170,41,3,8.7,29.9,200,
63,24001574,city ,130/85,56,FEMALE,181,118,45,100,24,1,6.6,43.7,135,
64,23011750,city ,130/85,50,MALE,178,130,45,100,23,0,7.8,33.5,169,
65,23011823,village,135/85,40,MALE,182,182,24,124,36,2,5.6,32.5,92,
66,23011853,city ,135/90,35,MALE,179,115,41,104,23,3,5.9,31.3,84,
67,23011817,city ,125/70,37,MALE,242,83,45,166,17,0,5.5,21.4,111,
68,23011840,city ,140/90,61,MALE,285,380,40,96,19,3,10.5,29.5,258,
69,23011787,village,150/80,46,MALE,147,81,37,101,16,4,5.2,26.6,100,
70,23011788,city ,110/65,45,FEMALE,180,56,52,118,11,0,4.8,28,91,
71,23011724,city ,120/70,45,FEMALE,159,164,34,106,33,2,5.1,30.5,102,
72,23000018,city ,120/70,48,MALE,231,182,46,147,36,1,5.5,26.9,92,
73,23000149,city ,120/80,40,MALE,359,608,36,187,122,2,7.7,21.5,180,
74,23000115,village,130/90,64,FEMALE,255,119,46,175,24,1,6.9,32.1,148,
75,23000121,city ,120/80,42,FEMALE,236,117,46,161,23,1,5.3,30.5,110,
76,23000122,village,120/80,36,FEMALE,263,58,59,188,12,2,5.2,28.3,108,
77,24000162,city ,127/80,44,MALE,221,89,51,145,18,2,5.1,28.9,99,
78,24000197,city ,120/70,32,FEMALE,206,107,56,125,21,2,4.9,29.2,87,
79,24000227,city ,120/80,34,MALE,190,203,33,124,41,1,4.1,33.4,70.9,
80,24000263,village,125/80,41,MALE,202,56,46,142,11,0,5.5,27.2,118,
81,24000269,city ,95/70,41,MALE,166,42,63,86,8,1,5.1,28.6,94,
82,24000291,village,,40,FEMALE,234,75,51,160,15,2,4.8,27.5,90,
83,24000337,city ,120/60,43,FEMALE,212,70,35,149,14,0,5.6,32.2,110,
84,24000374,village,145/105,37,MALE,245,158,41,175,32,1,5.3,29.1,85,
85,24000346,city ,115/90,29,MALE,182,102,42,119,20,1,5.3,29.1,85,
86,24000347,village,100/60,29,FEMALE,173,64,53,102,13,0,5.3,28,96,
87,24000389,city ,105/70,28,MALE,238,181,38,164,36,1,5.1,29.1,99,
88,24000511,city ,120/80,71,FEMALE,158,221,46,67,44,1,7.1,32.3,160,
89,24000453,city ,120/80,60,FEMALE,197,204,55,104,41,1,5.7,34,113,
90,24000425,city ,140/90,48,MALE,228,121,51,146,24,1,5.7,27.8,118,
91,24000621,village,95/75,35,MALE,220,240,38,142,48,0,5.8,34.6,120,
92,24000607,city ,120/80,50,FEMALE,178,97,48,109,19,0,5.6,26.1,83,
93,24002452,city ,120/75,48,MALE,112,65,46,50,13,0,4.8,33.2,111,
94,24002490,city ,130/80,72,FEMALE,129,102,39,67,20,4-Mar,7.1,36.7,144,
95,24002718,village,90/70,28,FEMALE,218,51,53,145,10,1,5.2,25,108,
96,24000654,city ,120/80,40,MALE,263,859,22,88,172,2,5.9,24.9,101,
97,23011119,city ,140/90,58,MALE,200,203,35,114,61,2-Mar,4.7,32.2,110,
98,23011128,city ,135/85,73,FEMALE,106,144,43,39,29,0,6.8,30.1,102,
99,23011121,village,120/80,40,FEMALE,182,196,39,102,39,3-Jan,4.8,31.2,100,
100,23011151,city ,125/80,36,MALE,92,70,50,28,14,2,7.7,32.9,152,
101,23011180,village,130/80,68,MALE,217,111,66,139,22,3-Jan,6.2,29.3,116,
102,23011198,city ,140/10,42,MALE,228,259,33,157,52,4-Feb,5.4,31.2,101,
103,23011291,city ,110/70,43,MALE,224,289,23,145,58,2-Jan,5.9,24,106,
104,23011433,city ,140/90,54,MALE,230,99,46,150,20,0,5,33.6,91,
105,23006539,city ,130/90,46,MALE,252,867,40,105,173,3-Feb,14.1,32.2,350,
106,23011581,city ,120/80,59,MALE,208,226,48,91,45,0,5.8,29.2,108,
107,2301162,city ,130/100,52,MALE,196,227,35,121,45,2,6,28.6,116,
108,23011702,city ,130/80,38,MALE,242,140,35,176,28,1/2/2003,4.9,37.3,96,
109,23011727,city ,115/70,36,MALE,161,126,28,105,25,0,5.4,25.3,110,
110,23011729,city ,110/90,42,FEMALE,174,126,47,106,25,0,6.8,40.7,145,
111,23011715,city ,90/60,57,FEMALE,152,47,57,75,9,0,5.7,18.5,112,
112,23011744,city ,150/100,55,MALE,175,244,35,91,49,0,5.4,33,110,
113,23011714,city ,120/80,56,MALE,151,109,37,87,22,0,6.3,31.2,140,
114,23011719,city ,135/80,63,MALE,131,120,32,91,24,1,6.1,29.7,129,
115,23011098,city ,140/80,61,FEMALE,281,145,63,198,29,2,5.8,37.5,107,
116,23011072,city ,110/85,28,MALE,334,264,35,255,53,0,5.5,32.3,,93
117,23011051,city ,130/85,54,MALE,183,240,38,110,48,1,7.2,33.1,201,
118,23011071,city ,120/85,37,MALE,176,102,39,123,20,2,5,22.3,93,
119,23011070,city ,130/90,35,MALE,215,173,39,156,35,1,5.8,30.03,120,
120,23009485,city ,120/60,24,FEMALE,136,74,51,76,13,2,4.2,38,98,
121,23010958,city ,130/80,45,FEMALE,157,199,52,82,40,1,5.2,25.1,100,
122,23010943,city ,120/95,39,FEMALE,199,189,41,138,38,1,7.5,37.2,134,
123,23010958,city ,130/80,45,FEMALE,157,199,58,82,40,1,5.2,25.1,100,
124,230109476,city ,130/80,45,FEMALE,199,181,47,129,36,0,4.7,28.3,92,
125,23001043,city ,120/95,45,FEMALE,199,189,41,138,38,1,7.5,37.2,134,
126,23009476,city ,130/80,45,FEMALE,199,181,47,129,36,0,4.7,28.3,92,
127,23010943,city ,120/95,39,MALE,199,189,41,138,38,0,7.5,37.2,134,
128,23010967,city ,140/90,52,FEMALE,194,68,66,120,14,0,5.4,24.2,94,
129,23010950,city ,170/10,57,MALE,284,104,42,225,21,0,5.3,27,84,
130,23010803,city ,110/80,60,MALE,246,130,39,195,26,0,5.3,25.8,96,
131,23010883,city ,130/90,43,MALE,167,213,37,99,43,0,6.2,32.1,117,
132,23010906,city ,140/80,58,MALE,188,354,32,106,71,0,5.4,31.1,108,
133,23009484,city ,100/80,56,FEMALE,179,145,47,110,29,0,5.6,38.1,103,
134,23010709,city ,100/70,54,MALE,139,72,50,82,14,0,6.4,32.4,108,
135,23010705,city ,140/70,79,FEMALE,172,99,64,101,20,4-Feb,5.6,28.1,96,
136,23010667,village,90/60,68,MALE,121,68,48,63,14,3-Jan,5.7,28.2,94,
137,2402482,city ,130/90,39,MALE,190,287,24,138,5,2,5.1,27.7,,91
138,23010196,city ,120/80,8,FEMALE,124,38,56,55,8,3,5.8,28.1,120,
139,23010708,city ,120/75,56,MALE,170,94,59,99,19,0,5.2,29.1,105,
140,23010710,city ,125/80,50,MALE,150,60,34,34,105,4,5.8,32.9,120,
141,230106,village,110/90,36,MALE,220,194,42,159,39,0,5.9,33.1,96,
142,23010440,city ,105/70,53,MALE,147,104,39,90,21,3,5.2,24.6,89,
143,23010456,city ,110/60,38,MALE,182,118,39,127,24,4,5.6,24.3,93,
144,23010445,village,100/70,30,FEMALE,149,72,40,104,14,3,4.7,30.1,92,
145,23010593,village,140/90,54,MALE,226,346,34,142,69,3,5.5,28.5,87,
146,23010611,city ,110/75,29,FEMALE,156,86,37,107,17,0,4.6,26.3,119,
147,23010493,city ,120/80,46,MALE,198,282,35,131,56,4-Feb,6.1,27.2,110,
148,23010479,city ,140/80,73,FEMALE,132,108,37,80,22,0,7.9,30.1,180,
149,23010441,city ,110/70,61,MALE,85,138,42,22,28,4-Mar,5.7,26.7,100,
150,23010542,village,120/80,59,FEMALE,133,98,,,,3-Feb,6.3,24.8,134,
151,23010554,city ,140/90,26,MALE,137,108,33,98,22,0,5.3,26.1,86,
152,23010556,city ,120/80,76,MALE,134,192,,,,2,5.8,24,120,
153,23010555,village,120/80,72,MALE,271,182,,,,1,5.9,28.5,123,
154,24004375,city ,120/80,61,FEMALE,166,98,52,91,20,3,5.7,27.2,118,
155,24004549,city ,120/80,48,FEMALE,169,69,41,110,14,0,5,24.8,90,
156,24004548,city ,125/85,56,MALE,211,185,40,130,135,3,5.2,26.8,84,
157,24004446,village,120/80,55,FEMALE,182,126,54,97,25,2,5.3,27.5,,97
158,24004513,city ,120/80,37,FEMALE,176,281,33,96,56,0,4.7,28.9,,87
159,24004178,city ,140/95,59,MALE,278,94,65,186,19,3-Jan,7.3,36.6,,186
160,24004148,city ,120/80,61,FEMALE,148,115,47,75,23,3,5.3,28.1,,110
161,24004198,city ,125/85,74,FEMALE,275,307,45,189,61,1,8,34,201,
162,24004107,city ,120/80,48,FEMALE,286,120,61,190,24,4-Feb,6.4,27.2,,142
163,24004107,city ,120/80,43,FEMALE,196,88,45,125,17,0,5.6,19.7,,91
164,24004179,city ,120/80,45,FEMALE,212,232,32,136,46,0,5.4,25.8,100,
165,24004319,city ,130/90,45,MALE,219,106,45,144,21,0,5.1,5.1,,95
166,24004314,city ,120/80,59,MALE,184,349,27,107,70,3-Jan,6.7,28.2,,98
167,240043989,city ,135/90,51,MALE,228,114,42,158,23,2,6.7,29.1,,145
168,24003983,city ,120/80,45,MALE,182,286,33,102,57,1,5.2,28.5,,92
169,24003979,village,120/80,48,FEMALE,145,192,48,84,39,2,5.2,40.9,,102
170,24003988,city ,,39,MALE,114,108,37,53,22,1,5.3,25.1,,110
171,24003972,city ,135/85,46,FEMALE,202,146,39,126,29,3-Feb,5.1,28.2,,83
172,24003764,city ,125/90,55,MALE,219,115,35,158,23,3-Feb,5.8,29.8,120,
173,24004032,city ,120/80,36,MALE,205,418,27,128,84,3-Jan,5.4,39.1,145,
174,24004032,city ,120/80,44,MALE,263,176,35,193,35,2,5.5,28.3,,81
175,24004028,city ,120/80,54,FEMALE,229,111,52,149,22,3,5.3,30.1,92,
176,24003980,city ,120/80,61,FEMALE,162,60,60,81,12,3-Jan,8.9,28.2,159,
177,23003854,city ,120/80,65,MALE,206,166,38,128,33,1,5.8,29.1,118,
178,233017015,city ,120/80,52,FEMALE,200,84,51,140,17,1,5.2,27.5,89,
179,250144125,city ,120/80,48,FEMALE,210,202,35,135,40,3-Jan,5.6,29.1,114,
180,24002484,city ,110/80,23,FEMALE,108,110,38,57,22,0,4.6,29.1,102,
181,24002572,city ,90/60,47,MALE,226,97,48,176,19,0,4.5,27.8,85,
182,24002569,city ,140/80,57,MALE,228,123,46,157,25,2,6,27.6,107,
183,24002558,village,100/70,30,FEMALE,197,108,47,139,22,0,4.4,30.1,85,
184,24002551,city ,130/70,61,MALE,142,208,31,76,42,0,5.2,28.1,147,
185,24002539,village,130/80,66,MALE,128,95,36,76,19,3,5.2,23.01,103,
186,24002534,village,130/110,17,FEMALE,137,68,48,82,14,0,4.8,25.8,104,
187,24002575,city ,120/80,45,FEMALE,208,83,49,154,17,1,4.7,36,102,
188,24002541,city ,130/85,62,FEMALE,207,888,52,139,18,0,4.7,25.3,,91
189,24002604,city ,140/960,46,MALE,202,78,38,161,16,3,5.7,39.1,100,
190,24009338,city ,135/100,54,MALE,202,160,41,137,32,4,5.1,27.8,88,
191,24009329,city ,100/70,51,FEMALE,198,191,191,40,130,2,5.6,29.1,84,
192,23009330,city ,100/70,34,FEMALE,149,125,37,93,25,3,5.4,25.6,85,
193,23009310,city ,120/80,35,FEMALE,124,193,29,67,39,2,5.3,36.4,82,
194,23009765,city ,135/75,63,MALE,168,268,43,84,54,0,5.4,32.1,110,
195,23009330,city ,120/90,56,FEMALE,124,193,29,67,39,0,5.3,36.4,82,
196,23006710,city ,120/80,63,MALE,168,268,43,84,54,0,5.4,32.1,110,
197,23009765,city ,135/75,56,MALE,231,229,31,163,46,0,5.9,26.8,124,
198,23009778,city ,130/100,51,MALE,236,137,53,142,27,3,5.7,29.5,98,
199,23009816,city ,120/80,39,MALE,175,230,36,95,64,3-Jan,5.9,35.1,125,
200,23009813,city ,145/90,66,MALE,240,126,48,163,25,4-Feb,9.2,34.7,230,
201,23007023,city ,160/80,53,FEMALE,197,236,39,116,47,4,9.5,31.2,,166
202,23007143,village,120/80,52,MALE,237,91,60,162,18,3-Feb,5.6,28.2,112,
203,23007142,city ,150/95,46,FEMALE,163,391,36,82,78,4,5.4,35.7,101,
204,23007151,city ,140/80,42,MALE,179,354,27,92,71,3,5,32.2,100,
205,23010170,city ,120/80,46,MALE,144,112,36,89,22,3-Jan,5.6,26.2,103,
206,23010191,city ,120/80,53,MALE,185,229,45,95,46,2,6.2,29.1,89,
207,23010202,city ,150/90,64,FEMALE,263,215,56,169,43,3,6.7,35.3,107,
208,23010222,city ,130/80,57,MALE,209,248,42,120,50,2,6.3,31,101,
209,23010196,city ,120/80,8,FEMALE,124,38,56,55,8,0,4.8,24.2,93,
210,23010207,city ,120/90,57,MALE,135,219,44,61,44,3,5.2,41.6,98,
211,23010517,city ,120/80,34,MALE,179,57,57,111,11,4-Feb,8,26.2,84,201
212,23010390,city ,120/90,30,MALE,173,88,47,108,18,4-Feb,5.4,28.1,84,
213,230109920,city ,100/70,38,FEMALE,189,35,99,38,3,3,5.2,332.2,,78
214,230109973,city ,110/70,39,MALE,251,132,40,170,26,2,5.1,30.8,88,
215,230106887,city ,100/70,45,MALE,190,160,36,127,32,3,6,29.1,112,
216,23010060,city ,110/70,32,MALE,222,207,42,135,41,0,5.7,29.2,92,
217,2301148,city ,120/80,7,MALE,189,77,54,106,15,2,5.2,29.1,101,
218,2301058,city ,140/100,60,MALE,124,277,41,47,55,3-Jan,6.4,32.1,140,
219,185753,city ,140/100,37,FEMALE,158,80,54,108,16,0,5.7,22.4,103,
220,191003,city ,105/70,15,FEMALE,145,110,43,102,22,2,5.3,24.1,92,
221,217519,city ,,6,MALE,144,36,59,86,7,3,5.4,32.1,93,
222,220602,city ,,71,MALE,160,71,61,97,14,3-Feb,5.9,30.1,98,
223,221471,city ,,32,FEMALE,150,146,50,90,29,0,4.7,28.1,86,
224,221684,city ,,47,FEMALE,176,76,59,118,15,0,5.2,27.2,97,
225,229600,city ,,36,MALE,240,226,39,179,45,0,4.8,27.3,118,
226,231468,city ,140/80,65,MALE,131,82,37,91,16,1,6.2,27,94,
227,251700,city ,,40,MALE,192,128,37,146,26,0,5.6,32.1,87,
228,252953,village,,42,MALE,177,298,36,105,60,0,7.1,29.2,131,
229,254231,village,,43,MALE,177,112,40,126,22,0,6.3,28.3,99,
230,258477,city ,,37,FEMALE,208,142,50,134,28,3,6,27.3,94,
231,258558,city ,,37,FEMALE,174,58,72,94,12,3-Jan,5.3,25.1,84,
232,261763,city ,95/85,42,FEMALE,176,138,63,101,28,0,5.8,26.1,98,
233,261866,city ,,47,FEMALE,170,188,45,111,38,0,6.8,28.2,116,
234,263144,city ,130/80,58,MALE,262,204,44,191,41,0,5.1,27.1,104,
235,263146,city ,,55,FEMALE,210,84,50,152,17,0,5.6,,98,
236,263444,city ,130/60,73,FEMALE,215,201,37,154,40,0,6.5,25.1,156,
237,263994,city ,180/90,78,MALE,186,231,35,128,46,0,9.2,28.1,170,
238,266263,city ,,42,MALE,245,69,57,177,14,3,4.9,29.2,93,
239,266676,city ,,46,MALE,246,214,43,165,43,2,5.5,28.1,95,
240,266948,city ,,66,MALE,201,120,36,148,24,0,6.1,32.2,132,
241,267172,city ,,70,MALE,124,137,39,78,27,1,5.7,33.1,91,
242,267306,city ,,77,MALE,185,156,44,142,31,2,5,31.2,117,
243,267843,city ,,21,MALE,126,104,26,92,21,0,5,30.2,92,
244,267846,city ,,33,MALE,146,92,38,108,18,0,4.8,29.1,89,
245,268174,city ,,34,MALE,161,198,26,116,40,0,5.7,33.1,89,
246,268182,city ,,39,MALE,191,147,35,142,29,2,5.4,28.2,105,
247,268534,city ,,61,MALE,179,112,40,130,22,3,4.9,25.2,100,
248,268738,city ,,48,FEMALE,154,58,73,78,12,4,5.4,26.4,90,
249,268797,city ,130/70,70,MALE,131,67,50,77,13,3,6.3,28.2,132,
250,268874,city ,130/90,47,MALE,276,174,46,221,35,0,5,29.1,96,
251,269123,village,,36,MALE,192,211,81,97,42,0,5.7,34.1,95,
252,269452,city ,,70,MALE,139,144,28,91,29,0,4.7,27.1,173,
253,270212,city ,150/70,63,MALE,130,88,37,78,18,0,8.1,28.1,132,
254,272522,city ,,40,MALE,238,281,46,163,56,0,5.1,29.1,86,
255,275422,city ,140/80,57,MALE,148,164,27,91,33,0,5.7,29,90,
256,278996,city ,,39,MALE,188,127,44,127,25,2,5.2,,92,
257,280145,city ,,17,FEMALE,136,45,62,68,9,3,5.2,,91,
258,280876,city ,,49,MALE,192,119,45,118,24,3-Jan,5.4,,107,
259,281334,city ,,50,MALE,235,141,47,150,28,0,4.9,,103,
260,284801,village,170/90,80,MALE,96,130,43,38,26,0,9.9,,290,
261,284825,village,131/78,41,MALE,141,88,49,79,18,0,4.4,,141,
262,284980,city ,140/80,64,FEMALE,185,174,35,118,35,2,8.1,,162,
263,284985,city ,,32,MALE,174,71,84,81,14,3,5.7,,102,
264,285614,city ,130/70,53,MALE,197,178,43,127,36,0,5.3,28.1,91,
265,286007,city ,,46,FEMALE,219,151,37,145,30,0,4.8,27.1,97,
266,286774,city ,,48,MALE,137,152,32,82,30,0,9.4,28.1,220,
267,287024,city ,109/77,45,MALE,270,212,38,188,42,3-Feb,5.7,25.1,98,
268,287026,city ,141/87,32,MALE,210,187,43,129,37,0,5.6,24.5,87,
269,288237,city ,130/90,45,MALE,191,228,43,127,46,0,5.8,32.2,108,
270,289135,city ,107/70,41,MALE,104,118,30,57,24,0,4.9,33.1,137,
271,289299,city ,110/70,36,MALE,146,118,42,83,24,2,5,34.1,208,
272,289697,city ,153/79,75,MALE,168,77,59,103,15,3,6.9,25.1,132,
273,289829,city ,126/87,34,MALE,193,158,40,127,32,2,5.3,24.2,96,
274,290010,city ,91/64,62,MALE,304,479,35,186,96,0,9.6,27.2,278,
275,290133,city ,130/90,33,MALE,177,69,51,112,14,0,5.3,28.1,97,
276,290233,city ,132/83,38,MALE,318,279,43,227,56,0,5.6,29.1,85,
277,290451,city ,116/71,20,MALE,160,72,40,105,14,2,4.5,31.2,92,
278,290763,city ,121/79,45,MALE,199,144,42,149,29,1,5.9,33.1,106,
279,290765,city ,123/76,67,MALE,237,75,63,171,15,3,5.8,25.1,103,
280,290886,city ,140/63,78,MALE,105,79,41,53,16,0,8,,168,
281,292207,city ,168/83,40,MALE,135,138,33,84,28,3-Jan,7,,178,
282,292243,city ,138/77,54,MALE,299,193,61,208,39,3,5,33.1,135,
283,293327,city ,136/86,42,MALE,183,132,31,132,26,2,5.8,28.1,106,
284,293329,city ,168/89,71,FEMALE,247,219,33,176,44,3,6.7,29,127,
285,293342,city ,103/63,66,FEMALE,291,246,42,194,49,0,5.9,33.1,84,
286,293559,city ,140/80,72,MALE,141,109,35,89,22,0,5.6,32.1,102,
287,293751,city ,141/68,63,MALE,176,62,61,106,12,0,5.4,,90,
288,293768,city ,107/88,43,MALE,234,593,28,155,119,0,5.5,,108,
289,294188,city ,134/94,55,MALE,231,81,49,168,16,4-Mar,8.1,28.2,133,
290,294245,city ,121/84,43,MALE,172,221,32,110,44,0,5,28.1,104,
291,294379,city ,142/98,68,MALE,146,124,49,76,25,2,6,29.1,106,
292,294487,city ,130/86,50,MALE,254,181,54,191,36,0,5.1,28.1,100,
293,294686,city ,118/81,44,MALE,161,51,56,99,10,0,5.2,29.5,99,
294,294709,village,134/79,39,MALE,175,187,35,126,37,0,5.6,27.5,97,
295,294940,city ,134/89,56,MALE,227,191,41,171,38,1,6.1,29.8,127,
296,295095,city ,143/93,37,MALE,273,468,34,204,94,1,5.9,332.2,94,
297,295444,city ,143/95,59,MALE,176,132,44,123,26,3-Jan,9.3,30.8,277,
298,295664,city ,151/100,46,MALE,190,89,34,149,18,0,6.5,29.1,122,
299,296085,city ,,75,FEMALE,160,47,62,104,9,0,5,25.8,91,
300,296093,city ,,51,MALE,178,211,37,130,42,4-Feb,9.7,27.4,207,
301,296397,city ,127/85,39,MALE,227,197,55,143,39,0,4.9,29.1,99,
302,296546,city ,103/61,40,MALE,163,123,32,113,25,0,5.3,32,98,
303,296922,city ,127/81,49,MALE,149,210,36,88,42,3-Jan,6.7,33.1,111,
304,296973,city ,160/99,67,MALE,211,141,48,148,28,0,5.6,34.2,100,
305,296995,city ,144/76,53,MALE,226,171,41,175,34,2,6.9,25.8,205,
306,297105,city ,138/78,54,MALE,129,155,32,84,31,0,5,27.2,115,
307,297192,city ,124/80,67,MALE,142,141,42,88,28,0,5.6,28.4,97,
308,297352,city ,113/64,57,FEMALE,201,160,60,133,37,0,5.6,29.1,94,
309,297584,city ,113/84,52,MALE,175,255,31,122,51,0,5.5,31.2,93,
310,297658,city ,110/70,23,MALE,209,69,38,169,14,0,5.4,29.1,96,
311,298680,city ,95/71,40,MALE,219,223,46,155,45,0,5.2,28.1,110,
312,298715,city ,125/84,39,MALE,226,113,48,171,23,2,5.2,33.1,100,
313,299328,city ,167/90,69,FEMALE,163,201,49,94,40,4-Feb,5.5,31.4,91,
314,299333,city ,131/86,44,MALE,175,87,51,121,17,3-Jan,4.8,30.2,93,
315,299335,city ,129/79,67,MALE,153,90,43,102,18,0,5.9,32.1,122,
316,299337,city ,96/62,64,FEMALE,163,112,57,90,22,3,6.1,34.1,97,
317,299565,city ,144/99,39,MALE,206,239,39,139,48,0,4.8,28,133,
318,299954,city ,138/81,69,FEMALE,196,85,65,121,17,3-Jan,6.4,27.1,105,
319,300304,city ,127/77,57,FEMALE,156,209,48,84,42,2-Jan,10.1,28.5,327,
320,300336,city ,105/73,52,MALE,161,88,54,99,18,0,5.5,29.1,93,
321,300338,city ,98/56,41,MALE,172,225,33,113,45,0,5.5,28.1,111,
322,300726,city ,131/90,44,FEMALE,241,63,52,182,13,3-Jan,7,24.1,176,
323,300993,city ,131/76,65,FEMALE,208,98,70,127,20,0,5.4,25.7,114,
324,301284,city ,137/78,51,FEMALE,239,352,45,156,70,0,5.8,32.1,136,
325,301386,city ,107/63,37,FEMALE,175,129,40,119,26,1,4.7,33.5,108,
326,301759,city ,133/74,57,FEMALE,196,267,56,110,53,3,5.1,38.5,139,
327,301767,city ,134/72,59,FEMALE,160,75,44,102,15,0,5.4,29.3,105,
328,301867,city ,121/78,48,FEMALE,224,239,45,158,48,0,5.6,29.8,111,
329,301962,city ,123/80,38,FEMALE,141,112,38,88,22,0,4.1,28.4,107,
330,302035,city ,,46,FEMALE,192,48,75,110,10,0,5.4,29.1,97,
331,302045,city ,142/82,67,FEMALE,237,133,39,187,27,0,5.8,28.5,103,
332,302146,city ,120/67,68,FEMALE,147,111,56,74,22,0,4.4,25.4,95,
333,302215,city ,111/54,71,FEMALE,156,153,39,102,31,0,5.5,24.4,134,
334,302446,city ,118/85,43,FEMALE,145,133,33,103,27,4-Mar,6.3,27.1,102,
335,302656,city ,96/68,38,FEMALE,227,128,55,155,26,1,4.7,28.1,97,
336,302832,city ,112/68,52,FEMALE,197,235,36,128,47,2,5.6,28.1,93,
337,303367,city ,106/67,41,FEMALE,169,80,41,119,16,1,5.4,29.1,98,
338,303371,city ,121/72,41,FEMALE,230,105,51,169,21,0,5.9,25.2,103,
339,303743,city ,,52,FEMALE,247,378,46,162,76,0,5.9,25.4,118,
340,303745,city ,94/73,37,FEMALE,205,118,50,141,24,0,4.9,29.8,103,
341,304909,city ,121/83,51,FEMALE,239,130,52,176,26,0,6,27.1,114,
342,304912,city ,144/89,76,FEMALE,361,138,91,260,28,0,6,28.4,104,
343,304934,village,102/73,42,FEMALE,209,183,48,147,37,0,5.5,25.4,103,
344,305357,village,103/73,25,FEMALE,136,67,49,77,13,0,5.2,33.5,93,
345,305877,city ,165/91,64,FEMALE,319,170,65,238,34,2,5.7,32.5,101,
346,306171,city ,109/75,45,FEMALE,295,612,46,179,122,3,5.7,30.4,103,
347,306419,city ,133/87,56,FEMALE,204,82,78,128,16,2,11.2,28.1,497,
348,306534,city ,147/88,43,FEMALE,187,270,42,124,54,3,5.9,25.8,99,
349,306693,city ,118/75,63,FEMALE,167,94,46,114,19,2,6.2,27.1,114,
350,306864,city ,114/75,49,FEMALE,202,416,36,123,83,4,6.3,28.1,116,
351,307229,city ,111/72,52,FEMALE,322,200,53,250,40,0,5.7,28.5,96,
352,307348,city ,118/98,60,FEMALE,295,204,76,209,41,0,6.2,24.5,113,
353,307634,city ,133/63,65,FEMALE,186,82,80,108,16,0,5.4,30.1,91,
354,307856,city ,133/75,62,FEMALE,282,127,56,220,25,2,6.6,29.5,116,
355,307925,city ,96/62,28,FEMALE,140,63,55,82,13,3,4.1,28.5,99,
356,308101,city ,,40,FEMALE,156,135,53,88,27,1,4.9,24.8,84,
357,308246,city ,117/73,65,FEMALE,168,55,68,96,11,3-Jan,8.2,24.5,69,
358,308779,city ,170/117,63,FEMALE,275,253,49,198,51,0,5.5,25.8,101,
359,308781,city ,133/89,43,FEMALE,188,500,32,99,100,0,5.8,27.5,160,
360,308836,city ,117/76,72,FEMALE,244,125,51,169,25,0,5.9,28.4,106,
361,309021,city ,98/70,34,FEMALE,135,83,47,74,17,1,5.4,29.5,82,
362,309050,city ,146/89,55,FEMALE,178,202,30,122,4,4,5.9,30.1,102,
363,309062,city ,137/82,51,FEMALE,138,103,45,64,21,3-Jan,6,28.1,106,
364,309209,city ,121/71,48,FEMALE,288,88,66,212,18,0,5.2,27.2,92,
365,309825,city ,140/81,74,FEMALE,145,108,47,85,22,1/3/2004,7.8,25.8,131,
366,310021,city ,85/63,37,FEMALE,217,104,65,137,21,0,5.2,29.1,95,
367,310231,city ,109/82,35,FEMALE,173,86,47,114,17,0,5.8,27.5,105,
368,310323,city ,91/72,50,FEMALE,172,114,55,98,23,0,5.3,32.1,105,
369,310351,city ,144/84,67,FEMALE,252,119,56,188,24,0,5.2,31.4,99,
370,310754,city ,109/77,72,FEMALE,188,81,55,120,16,3,6,32.5,142,
371,311022,city ,115/48,62,FEMALE,181,95,60,107,19,0,5.2,28.5,99,
372,311040,city ,99/74,40,FEMALE,207,234,35,146,47,0,5,27.4,122,
373,311529,city ,117/78,40,MALE,141,274,31,81,55,0,5.9,29.5,104,
374,311554,city ,116/75,50,MALE,155,101,31,109,20,2,7.7,28.1,140,
375,311702,city ,110/59,39,MALE,156,242,33,96,48,0,5.7,28.4,115,
376,311739,city ,117/66,30,MALE,222,82,33,176,16,0,4.7,28.1,99,
377,311741,city ,123/77,32,MALE,212,59,57,147,12,0,5.3,27,105,
378,311829,city ,130/85,54,MALE,221,634,27,96,127,1,6.3,29.5,111,
379,311860,city ,99/74,42,FEMALE,180,86,52,115,17,0,5.1,30.1,103,
380,312101,city ,124/77,45,MALE,204,229,45,142,45,3-Jan,6,32.5,112,
381,312109,city ,,52,MALE,164,341,26,80,68,4-Feb,10.2,31.5,199,
382,312113,city ,115/73,66,MALE,89,96,39,40,19,3-Feb,8.4,28.2,170,
383,312428,city ,112/78,34,MALE,114,79,35,70,16,0,4.4,25.4,98,
384,312519,city ,124/85,36,MALE,226,272,38,148,54,0,5.5,29.8,102,
385,312615,city ,118/87,49,MALE,170,289,29,102,58,3-Jan,8.6,30.2,191,
386,312784,city ,146/98,52,MALE,177,138,41,118,28,0,5.7,32.1,98,
387,313103,city ,156/85,73,MALE,145,169,38,79,34,1,6.1,29.4,130,
388,313130,city ,97/61,28,FEMALE,158,65,70,80,13,0,4.8,27.1,98,
389,313228,village,122/89,48,MALE,207,101,40,154,20,0,5.6,26.5,106,
390,313389,city ,133/79,67,MALE,104,45,70,35,9,4-Jan,10.5,27.4,256,
391,313483,city ,114/72,58,FEMALE,200,158,38,145,32,2,6.4,29.5,92,
392,313731,city ,104/58,67,FEMALE,173,111,66,96,22,3,6.3,28.4,114,
393,314227,city ,99/65,49,MALE,285,642,34,171,128,2,11.5,31.2,225,
394,314697,city ,138/85,50,FEMALE,201,114,54,123,23,0,5.7,32.5,92,
395,314838,city ,133/73,93,MALE,126,197,45,54,39,3,6.6,31,84,
396,314921,city ,140/68,44,MALE,155,185,42,92,37,0,5.4,28.1,95,
397,315087,city ,119/94,34,MALE,165,200,33,107,40,0,5.2,29.5,92,
398,315097,city ,126/90,67,MALE,193,149,38,138,30,3-Feb,6.5,39.1,136,
399,315103,city ,146/72,64,FEMALE,176,153,54,103,31,0,5.9,28.3,97,
400,315149,city ,126/86,50,MALE,216,112,60,143,22,0,5.8,30.1,97,
401,315186,city ,,34,MALE,205,101,53,138,20,0,5.6,28.2,88,
402,315816,city ,125/66,57,MALE,234,249,40,146,50,1,8.1,29.1,239,
403,315993,city ,142/93,55,MALE,191,98,50,122,20,0,5.5,27.5,113,
404,316141,city ,171/88,60,MALE,204,268,31,132,54,0,5.7,29.1,105,
405,316159,city ,124/69,27,MALE,189,205,35,130,41,0,4.8,29.1,91,
406,316317,city ,124/73,77,FEMALE,150,101,63,69,20,0,5.6,27.8,103,
407,316655,city ,115/72,44,MALE,131,86,31,87,17,0,5.1,27.6,95,
408,316712,city ,123/79,54,MALE,226,216,32,169,43,2,9.9,27.2,243,
409,316778,city ,141/81,50,MALE,226,245,34,160,49,0,6,28.1,129,
410,317243,city ,161/95,60,MALE,173,125,58,96,25,2,9.4,29.2,111,
411,317465,city ,124/83,56,MALE,168,176,41,112,35,0,6.5,31.5,120,
412,317747,city ,140/84,57,FEMALE,258,324,43,143,65,0,5.5,32.1,93,
413,318002,city ,,42,MALE,312,393,30,195,79,0,6.5,33.5,124,
414,322933,city ,134/86,62,MALE,211,110,55,158,22,4,7.6,37.5,161,
415,322944,city ,152/101,50,MALE,287,106,64,218,21,0,4.9,36.9,122,
416,323292,city ,143/111,47,MALE,235,170,43,164,34,2,10.7,28.5,142,
417,323300,city ,,26,MALE,140,45,42,88,9,0,5.7,26.5,86,
418,323305,city ,149/93,55,MALE,225,186,47,148,37,0,5.4,25.5,112,
419,323307,city ,118/71,36,MALE,254,109,49,187,22,0,5.1,28.2,93,
420,323315,city ,122/82,38,MALE,248,185,42,175,37,0,5.5,27.1,104,
421,323433,city ,140/95,50,MALE,185,78,44,127,16,0,5.6,28.4,101,
422,323590,city ,139/82,67,MALE,137,191,33,71,38,3,5.8,28.5,123,
423,323844,city ,120/80,40,MALE,162,173,42,105,35,0,5.1,24.5,118,
424,323974,city ,150/78,54,MALE,228,189,38,159,38,3-Jan,7.3,28.4,215,
425,324244,city ,112/74,34,MALE,176,103,43,116,21,0,5.1,33.1,100,
426,324264,city ,135/87,41,MALE,192,162,44,130,32,2-Jan,6.5,31.5,92,
427,324347,city ,101/79,50,MALE,177,168,38,114,34,0,5.5,35.1,106,
428,324861,city ,111/69,36,MALE,259,255,33,181,51,0,4.3,28.2,91,
429,325327,city ,104/71,22,MALE,198,124,30,143,25,0,5,33.1,95,
430,325387,village,110/50,25,MALE,208,64,52,132,13,0,4.8,34.1,89,
431,325882,city ,111/81,45,MALE,183,181,38,121,36,0,5.2,28.1,101,
432,326042,city ,123/90,51,MALE,255,109,37,203,22,4-Mar,9.6,27.4,284,
433,326137,city ,106/70,49,MALE,252,73,43,197,15,0,4.3,29.1,104,
434,326264,city ,119/79,43,MALE,222,145,30,164,29,0,5.7,31.2,103,
435,326320,city ,,24,MALE,187,166,28,123,33,0,5.9,35.1,131,
436,326444,city ,116/80,57,MALE,221,156,33,159,31,0,6,32.5,90,
437,326556,city ,119/80,67,MALE,205,106,59,125,21,2,5.4,33.1,91,
438,326907,city ,142/97,42,MALE,176,152,41,120,30,0,5.9,36.1,107,
439,327373,city ,116/74,37,MALE,188,84,48,137,17,4,5.8,28.1,94,
440,327385,city ,136/91,47,MALE,222,101,50,158,20,2,6.1,29.2,113,
441,327640,city ,131/89,50,MALE,274,196,47,198,39,1,5.7,28.3,105,
442,327777,city ,115/62,34,MALE,204,57,56,150,11,0,5.3,29.1,100,
443,327779,city ,125/63,27,MALE,143,64,47,86,13,0,5.5,24.1,93,
444,327934,city ,130/90,34,MALE,174,147,35,121,29,0,5.5,27.5,101,
445,328023,city ,107/72,20,MALE,188,78,58,124,16,0,4.8,25.1,86,
446,328041,city ,125/80,61,FEMALE,241,193,46,178,39,2,6.1,28.1,160,
447,328115,city ,115/85,50,FEMALE,220,62,68,147,12,0,5.3,,90,
448,328121,city ,113/74,49,MALE,135,77,40,90,15,0,5.9,27.1,85,
449,328468,city ,127/71,77,MALE,232,169,36,173,34,0,5.4,28.1,102,
450,328512,city ,127/88,45,MALE,199,105,47,139,21,0,5.5,,91,
451,328746,city ,119/81,56,MALE,210,86,48,153,17,0,5.3,25.1,96,
452,329011,city ,102/70,37,MALE,154,106,33,107,21,0,5.1,28.4,92,
453,329040,city ,148/107,54,MALE,207,170,35,149,34,0,5.8,29.1,112,
454,329136,city ,119/71,38,MALE,176,83,47,113,17,0,5.4,28.1,109,
455,329197,city ,112/59,22,MALE,308,64,32,270,13,3,5.2,24.5,84,
456,329241,city ,110/79,51,MALE,198,167,34,145,33,2,5.6,27.5,110,
457,329448,city ,107/68,44,FEMALE,276,110,45,217,22,1,5.2,31.1,112,
458,329450,city ,,50,MALE,217,167,38,163,33,0,5.1,32.5,113,
459,329603,city ,149/97,46,MALE,213,287,51,141,57,0,6.4,31.2,118,
460,329730,city ,107/70,43,MALE,164,44,44,116,9,0,5.4,31.5,94,
461,329878,city ,185/102,47,MALE,219,145,46,157,29,3-Jan,9.6,28.4,308,
462,329893,city ,127/87,61,MALE,107,127,43,40,25,0,5.2,24.1,89,
463,329905,city ,,61,MALE,210,370,34,126,74,0,5.1,25.1,107,
464,329955,city ,,35,MALE,86,39,32,50,8,0,5.3,28.1,135,
465,329964,city ,,45,MALE,177,265,40,106,53,1/2/2004,11,24.1,282,
466,330117,city ,103/77,41,MALE,222,183,30,164,37,0,5,25.1,88,
467,330354,city ,132/83,52,MALE,140,146,33,87,29,4-Feb,7.4,28.1,143,
468,330366,city ,122/83,32,MALE,145,102,37,96,20,0,5.1,26.1,99,
469,330516,city ,155/84,74,MALE,178,58,58,115,12,0,4.6,28.4,96,
470,330632,city ,89/62,38,FEMALE,172,111,54,104,22,0,4.4,31.2,95,
471,330758,city ,112/75,45,MALE,159,148,37,101,30,0,6.5,35.1,128,
472,330819,city ,,66,MALE,182,187,30,116,37,2,8.2,25.5,154,
473,330837,city ,127/83,59,FEMALE,260,223,52,177,45,0,5.1,28.4,93,
474,331059,city ,110/71,45,MALE,204,141,45,141,28,0,5.2,24.1,96,
475,331073,city ,138/95,53,MALE,223,132,54,145,26,0,4.9,26.1,88,
476,331150,city ,140/95,31,MALE,210,165,42,151,33,0,4.9,28.1,90,
477,331363,city ,139/92,39,MALE,263,242,40,191,48,0,5.8,,88,
478,331369,city ,108/74,64,MALE,139,121,38,84,24,0,5.4,28.4,104,
479,331438,city ,100/68,47,MALE,136,102,36,84,20,0,5.3,28.1,104,
480,331518,city ,83/57,43,FEMALE,199,67,56,135,13,0,4.8,29.1,90,
481,331529,city ,106/76,46,MALE,276,162,33,223,32,0,5.6,27.1,107,
482,331537,city ,123/81,55,MALE,236,289,44,155,58,1,6.4,25.4,138,
483,331580,city ,127/73,35,MALE,200,130,57,124,26,0,4.6,28.1,93,
484,331630,city ,105/76,69,MALE,212,173,33,157,35,0,5.3,29.1,88,
485,331688,city ,129/93,34,MALE,192,135,40,140,27,0,5.1,25.7,95,
486,332008,city ,115/72,60,MALE,191,123,38,135,25,0,5.4,33.8,95,
487,332293,city ,135/88,56,MALE,264,269,35,189,54,0,5.3,29.1,98,
488,332304,city ,129/84,62,MALE,134,338,25,59,68,0,5.9,28.1,103,
489,332306,city ,120/89,51,MALE,174,140,35,122,28,0,5.3,29.1,101,
490,332515,city ,112/86,45,MALE,202,375,39,129,75,0,4.9,28.4,102,
491,332528,city ,126/93,53,MALE,307,517,42,169,103,2,5.5,32.1,99,
492,332539,city ,133/79,46,MALE,160,146,33,113,29,3,4.8,35.1,97,
493,332774,city ,112/77,59,MALE,233,143,52,169,29,1,5.5,31.2,99,
494,332778,city ,,48,MALE,238,258,38,174,52,0,5.9,29.1,101,
495,332780,city ,118/88,34,MALE,177,110,57,103,22,1,5.3,25.4,113,
496,332983,city ,118/81,47,MALE,244,257,36,167,51,0,5.8,27.2,100,
497,332999,city ,123/85,50,MALE,158,252,29,88,50,0,5.6,29.1,100,
498,333191,city ,154/88,67,MALE,157,240,42,83,48,0,6.6,28.1,147,
499,333299,city ,114/65,67,MALE,216,205,35,143,41,0,5.8,32.1,130,
500,333526,city ,111/72,49,MALE,193,398,36,103,80,2,7.8,28.1,152,
501,333537,city ,106/73,45,MALE,190,160,36,127,32,0,6,28.1,112,
502,333625,city ,,49,MALE,205,128,39,149,26,0,5.2,25.1,88,
503,333823,city ,124/88,35,FEMALE,221,194,40,153,39,0,5.1,32.1,107,
504,333890,city ,126/82,35,FEMALE,199,214,61,112,43,0,4.4,35.1,93,
505,333965,city ,111/69,47,FEMALE,205,109,32,155,22,0,5.4,31.2,134,
506,333967,city ,159/92,67,MALE,136,163,42,74,33,3-Feb,8.5,29.1,186,
507,334086,city ,127/88,46,MALE,151,170,27,99,34,0,5.6,28.4,118,
508,334359,city ,110/82,40,MALE,253,266,36,185,53,0,5.3,28.5,106,
509,335164,city ,107/71,32,MALE,134,64,46,91,13,0,4.5,25.4,85,
510,335180,city ,141/87,50,FEMALE,166,125,39,132,25,0,5.5,28.4,107,
511,335446,city ,121/88,43,MALE,179,315,32,130,63,0,5,29.4,83,
512,335448,city ,112/73,42,MALE,147,212,41,98,42,0,5.4,31.5,92,
513,335621,city ,120/80,45,MALE,160,56,50,119,11,0,5.3,32.1,84,
514,335625,city ,138/104,42,MALE,276,224,45,220,45,1,5,35.1,91,
515,335692,city ,105/78,43,MALE,364,85,131,221,17,2,4.4,28.6,110,
516,335874,city ,111/75,60,MALE,165,104,35,134,21,4,7.4,29.5,131,
517,335876,city ,121/84,54,MALE,159,65,35,125,13,0,5,28.6,92,
518,335908,city ,110/83,43,MALE,214,120,46,170,24,2,6.1,29.4,98,
519,336099,city ,158/102,55,MALE,188,124,40,152,25,0,5.4,31.2,132,
520,336351,city ,129/93,44,MALE,153,89,33,117,18,0,4.7,33,90,
521,336375,city ,122/79,39,MALE,226,206,55,153,41,0,5.1,31.5,90,
522,336405,city ,124/87,31,MALE,130,178,29,71,36,0,4.4,32.4,95,
523,336473,city ,110/65,53,MALE,218,137,44,142,27,0,4.7,31.2,87,
524,336485,city ,120/65,44,MALE,127,140,29,86,28,3-Feb,6.3,29.1,107,
525,336562,city ,113/70,36,MALE,115,107,28,80,21,0,5,28.4,105,
526,336586,city ,125/84,49,MALE,206,168,41,166,34,0,6.2,28.4,122,
527,336688,city ,145/77,73,MALE,239,273,44,166,55,0,5.5,29.1,107,
528,336792,city ,154/94,56,MALE,223,217,39,170,43,0,5.6,30.1,89,
529,336810,city ,132/99,46,FEMALE,209,164,41,159,33,0,5.8,29.1,86,
530,2400630,city ,,54,MALE,207,156,33,158,31,2,10.2,35.1,250,
531,2400617,city ,160/110,45,MALE,201,65,46,157,13,3,5.1,24.2,103,
532,24002658,city ,120/70,67,MALE,88,73,29,49,15,3-Jan,6.5,30.7,140,
533,24002646,city ,140/75,80,MALE,218,147,45,159,29,2,8.4,29.1,215,
534,24002645,city ,130/70,46,FEMALE,197,122,56,132,24,0,5.2,28.5,111,
535,24002676,city ,120/60,46,FEMALE,162,274,22,106,55,3-Jan,8.2,30.1,192,
536,24002680,city ,100/70,56,MALE,150,86,38,100,17,1,5.6,25.1,118,
537,24002677,city ,70/55,68,MALE,206,156,26,159,31,0,5.4,28.1,133,
538,24002703,city ,100/70,38,MALE,139,80,40,95,16,0,4.3,37.3,92,
539,24002689,city ,100/70,46,MALE,188,172,34,135,34,0,5.4,30.1,87,
540,24002683,city ,120/80,62,MALE,212,189,34,154,38,0,5.7,,103,
541,24002646,city ,140/75,80,MALE,218,147,45,159,29,0,8.4,,215,
542,24002645,city ,130/70,65,MALE,197,122,56,132,24,0,5.2,,111,
543,24002731,city ,140/80,60,FEMALE,289,141,67,211,28,0,5.7,32.3,118,
544,24002733,city ,100/60,50,MALE,210,101,46,158,20,0,5.2,32.2,84,
545,24002730,village,90/60,68,FEMALE,137,84,45,79,17,0,5.3,23.8,106,
546,24002734,city ,110/50,45,MALE,191,207,30,146,41,0,7.2,50.1,138,
547,24002735,city ,105/70,32,MALE,188,276,26,122,55,0,5.5,32.1,87,
548,24002778,city ,120/70,57,MALE,207,80,52,149,16,2,5.6,28,118,
549,24002774,city ,140/70,69,MALE,116,55,40,67,11,3-Feb,5.5,31.3,110,
550,24002773,city ,120/80,49,FEMALE,56,198,50,49,10,2,5.6,27.2,104,
551,24002772,city ,120/80,56,FEMALE,211,114,44,160,23,3,5.6,26.9,101,
552,24002822,city ,110/60,46,MALE,207,55,63,141,11,0,5.4,20.02,86,
553,24002809,city ,110/70,46,MALE,148,58,28,115,12,0,5.4,28.1,83,
554,24002815,city ,95/60,52,MALE,154,134,34,100,27,0,5.4,29.1,114,
555,24002820,city ,120/90,61,MALE,282,575,251,67,115,2-Jan,5.7,33,120,
556,24002817,city ,110/70,37,MALE,191,155,23,157,31,1,5.6,31.3,97,
557,24002836,city ,110/60,53,MALE,145,57,42,94,11,1,5,42.2,93,
558,24002842,city ,120/70,36,MALE,174,162,28,126,32,0,5.7,30.8,78,
559,24002842,city ,100/60,45,MALE,190,194,24,133,39,0,5.8,25.2,95,
560,24002865,city ,110/70,54,FEMALE,148,107,58,72,21,1,6.7,32.1,155,
561,24002866,city ,150/80,65,FEMALE,191,87,43,139,17,1,5.4,40.01,95,
562,24002862,city ,110/70,38,FEMALE,160,111,41,107,22,0,4.8,33.1,82,
563,24002872,city ,120/90,55,FEMALE,168,66,52,105,13,0,5.6,34,92,
564,24005158,city ,120/80,68,MALE,157,288,40,82,58,0,5.4,31.2,102,
565,24002947,city ,125/80,51,FEMALE,196,271,35,132,54,1,5.5,29.2,98,
566,24002922,city ,130/70,61,FEMALE,189,98,78,91,20,1,5.3,24.7,96,
567,24002937,city ,125/90,49,MALE,225,165,31,176,33,0,5.8,38.9,104,
568,24002952,city ,105/70,68,MALE,166,222,28,114,44,2,7.1,27,155,
569,24002975,city ,90/70,30,FEMALE,236,184,54,149,37,4,4.4,272,92,
570,24002976,city ,120/80,36,MALE,251,137,42,192,27,0,4.7,29,85,
571,24002993,city ,100/70,53,MALE,193,153,46,127,31,0,5.3,20.2,110,
572,24002011,city ,110/60,50,MALE,198,86,40,145,17,0,5.3,19.9,112,
573,24002962,city ,130/70,55,FEMALE,172,240,36,105,48,4,5.8,47.9,190,
574,24003015,city ,120/70,23,MALE,170,157,31,130,31,1,4.8,28.7,103,
575,24003005,city ,120/80,38,FEMALE,194,86,41,149,17,4-Mar,4.7,25.5,100,
576,24003019,city ,125/90,45,MALE,139,68,31,98,14,0,4.9,28.6,91,
577,24002996,city ,120/80,49,MALE,220,695,27,96,139,2,7.7,28.7,150,
578,2400297,city ,150/100,53,MALE,171,177,27,127,35,0,4.9,30.1,110,
579,24002058,city ,100/70,27,MALE,198,62,41,144,12,0,4.8,30.1,109,
580,24002048,city ,140/80,59,MALE,261,253,29,206,51,2,7.3,34.6,212,
581,24002060,city ,110/70,52,FEMALE,177,158,33,124,30,0,5.4,28.1,101,
582,24002069,city ,110/80,30,MALE,215,116,41,157,23,0,5.1,25.8,110,
583,24003081,city ,130/90,38,FEMALE,181,95,44,122,19,0,5.6,32.2,83,
584,24003100,city ,80/50,38,FEMALE,189,41,61,125,8,0,5.6,19.04,102,
585,24003111,city ,110/70,54,MALE,195,267,25,136,54,0,4.9,32.2,83,
586,24003161,city ,110/70,30,MALE,153,145,28,110,29,0,5.4,33.3,89,
587,24003192,city ,140/80,74,FEMALE,181,123,49,117,25,1,6.6,38.2,108,
588,24003253,city ,120/70,50,MALE,175,116,36,121,23,2,4.6,30.2,86,
589,24003316,city ,150/80,66,FEMALE,151,153,47,79,31,0,5.7,43.4,92,
590,24003227,city ,120/70,33,MALE,186,134,39,129,27,0,5.5,27.6,91,
591,24003334,city ,130/80,71,MALE,91,141,25,52,28,1,4.4,22.4,115,
592,24003351,city ,138/80,71,FEMALE,269,372,48,178,74,0,5.8,26.7,92,
593,24002442,city ,130/100,41,FEMALE,211,230,30,145,46,3-Feb,5.4,34.8,101,
594,240032444,city ,140/70,69,MALE,167,164,32,108,33,3-Feb,8.6,30.8,181,
595,24003431,city ,120/80,40,FEMALE,147,133,34,97,27,4,6.9,48.3,147,
596,24003553,city ,100/60,36,FEMALE,181,186,34,124,37,0,5.6,37.8,115,
597,24003552,city ,110/60,70,MALE,211,63,53,150,13,0,5.9,24.1,84,
598,24003539,city ,110/70,61,MALE,162,119,36,109,24,0,5.4,25.8,92,
599,24003763,city ,120/70,27,FEMALE,171,52,59,105,10,2-May,5.2,23.1,79,
600,24003792,city ,120/80,65,FEMALE,162,294,19,92,59,0,9.2,26.5,230,
601,24003818,city ,120/80,44,MALE,216,136,33,169,27,2,6.9,37.3,145,
602,24003899,city ,120/80,59,FEMALE,229,670,29,102,134,1,6,30.1,135,
603,24003886,city ,110/80,47,FEMALE,217,171,42,151,34,1,5.4,40.1,106,
604,24003890,city ,120/80,61,FEMALE,150,181,39,87,36,1,5.6,17.1,106,
605,24003895,city ,120/80,57,MALE,213,115,54,143,23,2,5.4,28.8,98,
606,24003885,city ,120/80,79,FEMALE,247,282,48,160,56,3,5.3,20.5,1,
607,24003908,city ,110/70,29,MALE,213,394,34,131,79,2,5.4,28.4,91,
608,24003904,city ,130/70,45,MALE,187,108,53,41,22,0,5.8,49.6,120,
609,24003943,city ,120/80,41,FEMALE,192,149,43,121,29,0,4.7,28.1,91,
610,24003925,city ,110/60,69,FEMALE,190,162,62,97,32,1,7.3,26.5,150,
611,24004001,city ,120/80,54,FEMALE,162,124,35,106,25,2,6.1,28.1,117,
612,24004002,city ,120/80,77,FEMALE,132,99,35,80,20,1,7.1,29,178,
613,24003992,city ,120/80,74,MALE,134,88,43,69,18,1,6.1,23.9,104,
614,24004028,city ,120/80,64,MALE,122,75,44,63,15,2,5.7,24,90,
615,24004121,city ,120/80,54,FEMALE,177,82,50,109,16,1,5.7,28.2,96,
616,24004122,city ,130/80,68,FEMALE,192,109,27,136,30,2,6.6,25.7,162,
617,24004108,city ,155/70,55,FEMALE,233,191,43,161,38,2,5.5,27.2,89,
618,24004109,city ,140/85,53,MALE,178,186,38,107,37,1,6.6,29.5,117,
619,24004080,city ,110/70,16,FEMALE,161,85,45,96,17,1,4.8,25.5,87,
620,24004107,city ,130/90,57,MALE,194,265,27,125,53,1,5.2,37.4,81,
621,24004184,city ,120/80,47,MALE,219,60,62,141,12,1,4.6,27.9,96,
622,24004188,city ,125/80,31,MALE,165,119,36,111,24,1,5.6,30.7,95,
623,24004220,city ,120/80,44,MALE,189,157,38,127,31,2,5.6,24.8,100,
624,24004243,city ,120/60,64,FEMALE,125,235,36,56,47,2,6.6,31.4,125,
625,24004255,city ,120/80,20,MALE,207,76,47,147,15,1,5,23.5,95,
626,24004269,village,160/80,79,FEMALE,139,98,42,73,20,1,6.2,46.3,131,
627,24004279,city ,120/70,44,MALE,176,86,36,117,17,1,6,32.5,103,
628,24002918,city ,90/70,41,FEMALE,163,70,47,99,14,1,4.5,28.3,96,
629,24004289,city ,130/70,50,FEMALE,223,91,63,153,18,1,5.6,31.8,95,
630,24004294,city ,130/70,23,MALE,184,287,29,110,57,1,5.3,28.2,83,
631,24004352,city ,120/80,31,FEMALE,182,138,34,123,28,1,5.2,17.6,91,
632,24004355,city ,110/70,34,FEMALE,151,58,60,73,12,1,5.2,25.3,98,
633,24004392,city ,90/70,46,FEMALE,164,187,30,91,37,1,5.3,35.2,94,
634,24004373,city ,120/80,48,MALE,199,129,40,124,26,1,5.3,25.8,89,
635,24003763,city ,140/70,54,FEMALE,159,103,32,108,21,3-Feb,6,28.2,107,
636,24004481,city ,130/70,54,FEMALE,201,70,60,128,14,3,6.3,45.3,160,
637,24003721,city ,150/80,59,FEMALE,168,230,35,107,46,2,7.5,31.6,140,
638,24004566,city ,110/80,29,FEMALE,156,44,50,97,9,3-Feb,4.6,24.5,92,
639,24004563,city ,125/70,48,MALE,122,137,27,27,66,4,5.4,33.1,108,
640,24004558,city ,130/100,23,MALE,156,88,44,92,18,1,5.1,19.1,85,
641,24004575,city ,80/60,43,MALE,232,190,41,159,38,1,5.5,28.3,106,
642,24004545,city ,130/80,70,FEMALE,186,91,54,113,18,1,5.2,27.8,84,
643,24004595,city ,160/110,38,FEMALE,132,68,44,78,13,1,5.5,27.2,115,
644,24004524,city ,145/80,52,FEMALE,221,129,40,151,24,1,4.3,27.7,92,
645,24004600,city ,150/90,65,MALE,238,191,42,159,38,0,5.3,30.3,106,
646,24004699,city ,120/80,60,MALE,183,136,40,130,27,0,5.9,25.1,96,
647,24004598,city ,120/80,36,MALE,190,165,30,123,33,0,5.1,33.8,96,
648,24004641,city ,110/60,81,MALE,144,80,48,72,16,0,5.3,30.8,110,
649,24004794,city ,120/70,56,MALE,135,133,48,65,27,0,6.2,37,110,
650,24004821,city ,120/80,70,FEMALE,143,251,31,89,50,0,6.3,53.3,104,
651,24004832,city ,140/80,17,MALE,104,66,29,62,13,0,5.3,27.1,90,
652,24005070,city ,120/80,41,MALE,143,71,21,115,14,0,5.2,32,90,
653,24003533,city ,100/60,69,MALE,195,145,56,110,29,3,7.5,22.9,142,
654,24003627,city ,120/70,58,FEMALE,261,117,56,185,23,0,5.9,40.1,96,
655,24003695,city ,100/70,49,MALE,161,114,59,90,23,0,5.5,17.6,112,
656,24003639,city ,100/70,52,FEMALE,180,80,67,105,16,0,4.8,33.8,100,
657,24003718,city ,130/80,69,FEMALE,156,209,38,86,42,0,6.7,37.1,136,
658,24003753,city ,120/80,31,MALE,130,75,49,65,15,0,5,27.6,100,
659,24003763,city ,120/60,27,FEMALE,171,52,59,105,10,0,5.2,23.1,79,
660,24003539,city ,110/70,61,MALE,162,119,36,109,24,0,5.4,25.8,92,
661,24003171,city ,125/70,31,MALE,153,145,28,110,29,0,5.3,25.6,88,
662,24003139,city ,115/75,31,MALE,154,204,28,111,41,0,5.7,36.5,95,
